Station Name,Entrance Latitude,Entrance Longitude
25th St,40.660489,-73.99822
25th St,40.660323,-73.997952
36th St,40.654676,-74.004306
36th St,40.654365,-74.004113
36th St,40.65449,-74.004499
45th St,40.649389,-74.009333
45th St,40.649424,-74.009728
45th St,40.649265,-74.009457
45th St,40.649546,-74.009602
53rd St,40.644756,-74.014586
53rd St,40.644653,-74.01469
53rd St,40.644493,-74.014419
53rd St,40.644601,-74.014309
53rd St,40.645619,-74.013688
59th St,40.641606,-74.017897
59th St,40.641435,-74.017561
59th St,40.641778,-74.017722
59th St,40.641633,-74.017362
59th St,40.640682,-74.018857
59th St,40.640501,-74.018531
77th St,40.62955,-74.025731
77th St,40.629503,-74.025452
77th St,40.630221,-74.025459
86th St,40.622583,-74.028315
86th St,40.622656,-74.028547
86th St,40.623498,-74.028204
95th St,40.616021,-74.031383
95th St,40.615893,-74.03086
95th St,40.616189,-74.031234
95th St,40.617587,-74.030696
95th St,40.617363,-74.030404
9th St,40.670387,-73.98848
9th St,40.670538,-73.988778
Atlantic Av-Barclays Ctr,40.683805,-73.978487
Bay Ridge Av,40.634827,-74.02358
Bay Ridge Av,40.634768,-74.023339
Bay Ridge Av,40.635468,-74.023313
DeKalb Av,40.689804,-73.981164
DeKalb Av,40.68981,-73.981651
DeKalb Av,40.689817,-73.981082
DeKalb Av,40.68974,-73.981156
DeKalb Av,40.69154,-73.982565
DeKalb Av,40.691562,-73.982048
Pacific St,40.683905,-73.978879
Pacific St,40.683928,-73.978412
Prospect Av,40.665299,-73.992729
Prospect Av,40.665058,-73.993002
Prospect Av,40.665269,-73.993245
Union St,40.677171,-73.98302
Union St,40.677001,-73.983133
Union St,40.677279,-73.983327
Union St,40.677135,-73.983416
30 Av-Grand Av,40.7667,-73.921406
30 Av-Grand Av,40.766963,-73.921192
30 Av-Grand Av,40.766787,-73.921629
30 Av-Grand Av,40.767052,-73.921409
36 Av-Washington Av,40.756379,-73.929766
36 Av-Washington Av,40.756478,-73.929993
36 Av-Washington Av,40.756796,-73.92974
39 Av-Beebe Av,40.752491,-73.932936
39 Av-Beebe Av,40.752901,-73.932903
Astoria Blvd-Hoyt Av,40.77017,-73.917755
Astoria Blvd-Hoyt Av,40.77087,-73.916935
Astoria Blvd-Hoyt Av,40.771009,-73.917167
Astoria Blvd-Hoyt Av,40.770313,-73.917978
Broadway,40.762217,-73.925349
Broadway,40.761773,-73.925399
Broadway,40.76188,-73.925638
Ditmars Blvd,40.774938,-73.912337
Ditmars Blvd,40.775025,-73.911891
Ditmars Blvd,40.77481,-73.912151
Ditmars Blvd,40.775149,-73.912074
7th Av,40.677324,-73.972212
7th Av,40.677365,-73.972788
Atlantic Av,40.685222,-73.977628
Av H,40.62993,-73.961477
Av H,40.629884,-73.961882
Av J,40.625307,-73.960969
Av J,40.625363,-73.960654
Av J,40.62513,-73.960792
Av M,40.617928,-73.959454
Av M,40.61814,-73.95946
Av U,40.598991,-73.955828
Beverly Rd,40.644272,-73.964528
Brighton Beach,40.577618,-73.961994
Brighton Beach,40.577697,-73.960438
Brighton Beach,40.577746,-73.960231
Brighton Beach,40.577931,-73.960524
Brighton Beach,40.577986,-73.960258
Brighton Beach,40.577656,-73.961792
Brighton Beach,40.577387,-73.961912
Brighton Beach,40.577425,-73.961719
Church Av,40.649427,-73.963356
Church Av,40.651482,-73.962732
Cortelyou Rd,40.641314,-73.963996
Kings Highway,40.609062,-73.957808
Kings Highway,40.608835,-73.957769
Kings Highway,40.608319,-73.957352
Neck Rd,40.59502,-73.95512
Newkirk Av,40.635034,-73.962736
Ocean Parkway,40.576209,-73.967875
Ocean Parkway,40.576507,-73.969445
Ocean Parkway,40.576234,-73.967561
Ocean Parkway,40.576423,-73.967894
Ocean Parkway,40.576445,-73.967591
Ocean Parkway,40.576487,-73.969243
Parkside Av,40.655221,-73.961516
Parkside Av,40.654251,-73.961909
Prospect Park,40.660792,-73.962109
Prospect Park,40.662482,-73.962285
Prospect Park,40.662727,-73.962249
Sheepshead Bay,40.587302,-73.954224
Sheepshead Bay,40.585734,-73.954371
Stillwell Av,40.576241,-73.981077
West 8th St,40.575752,-73.97674
West 8th St,40.576464,-73.974862
23rd St,40.74108,-73.989083
23rd St,40.741111,-73.98892
23rd St,40.741378,-73.988895
23rd St,40.741539,-73.988989
23rd St,40.740643,-73.989217
23rd St,40.741208,-73.989639
23rd St,40.741913,-73.989428
23rd St,40.740758,-73.989632
28th St,40.745089,-73.988472
28th St,40.745299,-73.988579
28th St,40.745281,-73.988923
28th St,40.745488,-73.98901
34th St,40.74959,-73.98762
34th St,40.749891,-73.987495
34th St,40.748294,-73.987976
34th St,40.748477,-73.988288
49th St,40.760486,-73.983974
49th St,40.760297,-73.983567
49th St,40.759384,-73.984709
49th St,40.759513,-73.984884
49th St,40.75903,-73.984412
49th St,40.760454,-73.983388
49th St,40.760621,-73.983904
57th St,40.765298,-73.980033
57th St,40.764377,-73.981167
57th St,40.765796,-73.980012
57th St,40.764179,-73.980683
57th St,40.765639,-73.979764
57th St,40.764258,-73.981278
57th St,40.764057,-73.980803
57th St,40.765365,-73.980341
5th Av,40.764849,-73.972306
5th Av,40.764728,-73.972396
5th Av,40.765156,-73.972501
5th Av,40.764859,-73.973998
5th Av,40.764935,-73.974191
5th Av,40.764599,-73.974228
5th Av,40.764657,-73.972229
8th St,40.730716,-73.992517
8th St,40.730592,-73.99262
8th St,40.730642,-73.992737
8th St,40.729678,-73.993051
8th St,40.730578,-73.992216
8th St,40.730477,-73.992286
8th St,40.729778,-73.993262
8th St,40.730773,-73.992641
Canal St (UL),40.719166,-74.001774
Canal St (UL),40.719498,-74.001606
Canal St (UL),40.71946,-74.002236
Canal St (UL),40.719408,-74.002158
Canal St (UL),40.71966,-74.002019
Canal St (UL),40.719585,-74.00193
Canal St (UL),40.719218,-74.00185
City Hall,40.713437,-74.00676
City Hall,40.71311,-74.007045
City Hall,40.713521,-74.006697
Cortlandt St,40.711065,-74.010644
Cortlandt St,40.710435,-74.011066
Cortlandt St,40.710201,-74.011198
Cortlandt St,40.710871,-74.010767
Court St,40.694416,-73.992619
Court St,40.694232,-73.992635
Court St,40.694475,-73.99283
Lawrence St,40.692052,-73.986191
Lawrence St,40.69198,-73.98519
Lawrence St,40.692315,-73.985172
Lawrence St,40.692359,-73.986181
Lawrence St,40.692031,-73.985395
Lawrence St,40.692114,-73.986107
Lawrence St,40.692258,-73.986114
Lexington Av,40.761996,-73.966105
Lexington Av,40.762255,-73.965918
Lexington Av,40.762353,-73.966155
Lexington Av,40.762092,-73.96634
Prince St,40.724124,-73.997686
Prince St,40.72422,-73.997633
Prince St,40.72426,-73.997957
Prince St,40.724344,-73.997875
Rector St,40.707647,-74.012924
Rector St,40.707902,-74.012774
Rector St,40.708028,-74.012696
Rector St,40.706345,-74.014
Rector St,40.707495,-74.013273
Rector St,40.707659,-74.013166
Rector St,40.70795,-74.012963
Rector St,40.708083,-74.012863
Rector St,40.707225,-74.013454
Times Square-42nd St,40.754172,-73.98668
Times Square-42nd St,40.754335,-73.987097
Times Square-42nd St,40.754301,-73.986623
Times Square-42nd St,40.754507,-73.987108
Union Square,40.735278,-73.991058
Union Square,40.736339,-73.990603
Union Square,40.736523,-73.990447
Union Square,40.735311,-73.990265
Whitehall St,40.704015,-74.013284
Whitehall St,40.702108,-74.012642
Whitehall St,40.701938,-74.012588
Whitehall St,40.704114,-74.013
Whitehall St,40.704096,-74.013293
104th St-102nd St,40.695033,-73.843298
104th St-102nd St,40.695267,-73.843223
111th St,40.697055,-73.837156
111th St,40.696771,-73.837042
121st St,40.70052,-73.829231
121st St,40.700596,-73.827239
121st St,40.700808,-73.82739
121st St,40.700254,-73.829332
Alabama Av,40.676803,-73.89951
Alabama Av,40.676755,-73.899834
Chauncey St,40.683417,-73.911242
Chauncey St,40.683313,-73.911334
Cleveland St,40.679656,-73.885731
Cleveland St,40.67953,-73.885716
Crescent St,40.683588,-73.8726
Crescent St,40.683478,-73.872548
Cypress Hills,40.689596,-73.873555
Cypress Hills,40.690142,-73.87163
Cypress Hills,40.68947,-73.873449
Elderts Lane-75th St,40.691285,-73.866425
Elderts Lane-75th St,40.691479,-73.86661
Flushing Av,40.700847,-73.94171
Flushing Av,40.700629,-73.941995
Flushing Av,40.70072,-73.941672
Flushing Av,40.700634,-73.942173
Forest Parkway-85th St,40.692666,-73.859098
Forest Parkway-85th St,40.692381,-73.858975
Gates Av,40.690142,-73.923062
Gates Av,40.69003,-73.923161
Halsey St,40.685847,-73.915807
Halsey St,40.685946,-73.915713
Hewes St,40.707248,-73.954326
Hewes St,40.707117,-73.95437
Kosciusko St,40.692929,-73.92794
Kosciusko St,40.69293,-73.928257
Lorimer St,40.703454,-73.946536
Lorimer St,40.704396,-73.948223
Lorimer St,40.704279,-73.948324
Lorimer St,40.703321,-73.946613
Marcy Av,40.708681,-73.958927
Marcy Av,40.708403,-73.958124
Marcy Av,40.708271,-73.957749
Marcy Av,40.708788,-73.958826
Marcy Av,40.708293,-73.958044
Marcy Av,40.708529,-73.958048
Marcy Av,40.708409,-73.957689
Marcy Av,40.708565,-73.957893
Myrtle Av,40.696893,-73.935461
Myrtle Av,40.696987,-73.935559
Norwood Av,40.681757,-73.879007
Norwood Av,40.681643,-73.878984
Van Siclen Av,40.677864,-73.891566
Van Siclen Av,40.677847,-73.891711
Woodhaven Blvd,40.693451,-73.852556
Woodhaven Blvd,40.693563,-73.852608
Woodhaven Blvd,40.694077,-73.850476
1st Av,40.731118,-73.982563
1st Av,40.73105,-73.982625
1st Av,40.731483,-73.982145
1st Av,40.731397,-73.982112
3rd Av,40.732961,-73.986657
3rd Av,40.733277,-73.986931
3rd Av,40.733122,-73.986548
3rd Av,40.733134,-73.987041
6th Av,40.737149,-73.996578
6th Av,40.737197,-73.996704
8th Av,40.739734,-74.002804
8th Av,40.73955,-74.002389
Atlantic Av,40.67538,-73.902612
Atlantic Av,40.675607,-73.902672
Atlantic Av,40.675609,-73.902767
Bedford Av,40.717714,-73.957695
Bedford Av,40.716991,-73.956257
Bedford Av,40.716888,-73.956367
Bedford Av,40.717821,-73.957568
Bushwick Av,40.6823,-73.905149
Canarsie - Rockaway Parkway,40.645806,-73.901414
Canarsie - Rockaway Parkway,40.64556,-73.902524
DeKalb Av,40.703353,-73.917957
DeKalb Av,40.703248,-73.91772
DeKalb Av,40.70354,-73.917771
DeKalb Av,40.703461,-73.917606
DeKalb Av,40.70448,-73.919184
DeKalb Av,40.704326,-73.919452
DeKalb Av,40.704379,-73.919026
DeKalb Av,40.704153,-73.919273
East 105th St,40.651278,-73.898862
East 105th St,40.651462,-73.899191
Graham Av,40.714613,-73.94457
Graham Av,40.714433,-73.944546
Graham Av,40.714439,-73.94419
Graham Av,40.714661,-73.944287
Grand St,40.712182,-73.940668
Grand St,40.712017,-73.940976
Grand St,40.711791,-73.940742
Grand St,40.711912,-73.940433
Halsey St,40.69599,-73.905265
Halsey St,40.695871,-73.905143
Halsey St,40.696069,-73.904665
Halsey St,40.696094,-73.90443
Halsey St,40.695186,-73.903065
Halsey St,40.695201,-73.903764
Jefferson St,40.705943,-73.922036
Jefferson St,40.706228,-73.92191
Jefferson St,40.706082,-73.9223
Jefferson St,40.70632,-73.922062
Jefferson St,40.707229,-73.923725
Jefferson St,40.707071,-73.923877
Livonia Av,40.663742,-73.900522
Livonia Av,40.663749,-73.900482
Lorimer St,40.713908,-73.949262
Lorimer St,40.71421,-73.949313
Montrose Av,40.707723,-73.940044
Montrose Av,40.707819,-73.939749
Morgan Av,40.706317,-73.931696
Morgan Av,40.70621,-73.93196
Morgan Av,40.706073,-73.933633
Myrtle Av,40.699814,-73.911295
Myrtle Av,40.699468,-73.910648
Myrtle Av,40.699807,-73.910999
New Lots Av,40.659041,-73.899409
Sutter Av,40.668527,-73.901765
Union Square,40.734859,-73.991235
Union Square,40.734755,-73.990991
Wilson Av,40.688805,-73.904741
Stillwell Av,40.5769,-73.980846
West 8th St,40.575499,-73.976873
West 8th St,40.575929,-73.976747
Botanic Gardens,40.670588,-73.959093
Franklin Av,40.681051,-73.95584
Park Place,40.674516,-73.957932
Park Place,40.675208,-73.957591
Central Av,40.698033,-73.926371
Central Av,40.697876,-73.926525
Forest Av,40.704729,-73.902243
Forest Av,40.704443,-73.902389
Fresh Pond Rd,40.705955,-73.896232
Fresh Pond Rd,40.706115,-73.895559
Knickerbocker Av,40.698717,-73.918655
Knickerbocker Av,40.698913,-73.918771
Metropolitan Av,40.712082,-73.88954
Seneca Av,40.70278,-73.907515
Seneca Av,40.702835,-73.907894
Bowery,40.719977,-73.993576
Bowery,40.720291,-73.993411
Broad St,40.705961,-74.011229
Broad St,40.706142,-74.011128
Broad St,40.706001,-74.011497
Broad St,40.706439,-74.011263
Broad St,40.705747,-74.011554
Broad St,40.708027,-74.009814
Broad St,40.706911,-74.010494
Broad St,40.707117,-74.010821
Broad St,40.706887,-74.010687
Canal St,40.717823,-74.000326
Chambers St,40.712699,-74.004099
Chambers St,40.714199,-74.003187
Essex St,40.71841,-73.987181
Essex St,40.718551,-73.98765
Fulton St,40.709507,-74.008295
Fulton St,40.710211,-74.007584
Fulton St,40.710241,-74.008022
Fulton St,40.710106,-74.007648
Fulton St,40.709376,-74.008375
Fulton St,40.710388,-74.007935
18th Av,40.621306,-73.991469
18th Av,40.620062,-73.98941
20th Av,40.617341,-73.98484
86th St,40.592724,-73.978227
8th Av,40.634552,-74.010726
Av U,40.596459,-73.978943
Av U,40.598512,-73.979335
Bay Parkway-22nd Av,40.612989,-73.982084
Bay Parkway-22nd Av,40.610572,-73.981613
Fort Hamilton Parkway,40.632179,-74.006658
Fort Hamilton Parkway,40.630609,-74.004067
Kings Highway,40.603212,-73.980199
Kings Highway,40.605107,-73.980578
New Utrecht Av,40.625606,-73.99683
New Utrecht Av,40.624246,-73.995962
18th Av,40.607897,-74.001628
18th Av,40.607602,-74.001491
18th Av,40.607723,-74.001894
20th Av,40.604631,-73.998498
20th Av,40.604439,-73.998164
20th Av,40.604587,-73.998007
20th Av,40.604789,-73.998349
25th Av,40.597952,-73.987442
25th Av,40.597889,-73.986958
25th Av,40.5981,-73.987279
25th Av,40.597751,-73.987112
50th St,40.636139,-73.994702
50th St,40.636415,-73.994879
50th St,40.636405,-73.994673
50th St,40.636133,-73.994915
55th St,40.631389,-73.995262
55th St,40.631709,-73.995283
55th St,40.631538,-73.995643
62nd St,40.627367,-73.996729
62nd St,40.627299,-73.996465
62nd St,40.62711,-73.99687
71st St,40.618834,-73.999195
71st St,40.619133,-73.99924
71st St,40.61877,-73.998995
71st St,40.618889,-73.998832
71st St,40.62036,-73.99855
71st St,40.620379,-73.998764
79th St,40.614054,-74.000585
79th St,40.614018,-74.000378
79th St,40.612847,-74.000721
79th St,40.612855,-74.000892
9th Av,40.646337,-73.994489
Bay 50th St,40.588348,-73.983543
Bay 50th St,40.588066,-73.983498
Bay 50th St,40.588022,-73.983735
Bay 50th St,40.588305,-73.983791
Bay Parkway,40.60215,-73.993948
Bay Parkway,40.601993,-73.99413
Bay Parkway,40.601898,-73.993538
Bay Parkway,40.601726,-73.993696
Fort Hamilton Parkway,40.641379,-73.994188
Fort Hamilton Parkway,40.64136,-73.994411
Fort Hamilton Parkway,40.64018,-73.99422
Fort Hamilton Parkway,40.640185,-73.994423
21st St,40.754322,-73.942374
21st St,40.754255,-73.941935
21st St,40.754069,-73.942132
21st St,40.754195,-73.942521
21st St,40.754131,-73.942491
Lexington Av,40.764866,-73.966422
Lexington Av,40.764721,-73.966552
Lexington Av,40.764881,-73.966411
Lexington Av,40.764874,-73.966431
Lexington Av,40.764884,-73.966514
Roosevelt Island,40.759016,-73.953505
14th St,40.737316,-73.996508
14th St,40.737286,-73.996437
14th St,40.738718,-73.996121
14th St,40.738838,-73.996023
14th St,40.738529,-73.995685
14th St,40.738678,-73.995632
14th St,40.73737,-73.997079
14th St,40.737519,-73.99697
14th St,40.737572,-73.997111
14th St,40.737423,-73.99722
23rd St,40.742715,-73.992617
23rd St,40.742922,-73.993066
23rd St,40.742977,-73.993188
23rd St,40.743066,-73.992971
23rd St,40.743121,-73.993099
23rd St,40.742825,-73.992383
23rd St,40.74288,-73.992506
23rd St,40.742659,-73.992489
2nd Av,40.72395,-73.991298
2nd Av,40.723665,-73.991651
2nd Av,40.722807,-73.988942
2nd Av,40.7232,-73.988863
34th St,40.748746,-73.988774
34th St,40.74895,-73.988623
34th St,40.749845,-73.988254
34th St,40.750088,-73.988142
34th St,40.750674,-73.988031
34th St,40.750271,-73.987066
34th St,40.75088,-73.988096
34th St,40.750647,-73.987346
34th St,40.749615,-73.988159
34th St,40.750404,-73.986989
42nd St,40.753546,-73.984779
42nd St,40.753709,-73.985084
42nd St,40.754609,-73.983894
42nd St,40.754849,-73.984627
42nd St,40.755008,-73.984249
42nd St,40.754832,-73.983657
42nd St,40.753473,-73.985259
42nd St,40.753408,-73.984892
42nd St,40.755333,-73.983934
47-50th Sts Rockefeller Center,40.759414,-73.981035
47-50th Sts Rockefeller Center,40.758615,-73.981095
47-50th Sts Rockefeller Center,40.758486,-73.981158
47-50th Sts Rockefeller Center,40.757862,-73.981735
47-50th Sts Rockefeller Center,40.757981,-73.98154
47-50th Sts Rockefeller Center,40.758024,-73.982079
47-50th Sts Rockefeller Center,40.757801,-73.981788
47-50th Sts Rockefeller Center,40.759105,-73.981252
47-50th Sts Rockefeller Center,40.758977,-73.981352
47-50th Sts Rockefeller Center,40.758623,-73.981566
47-50th Sts Rockefeller Center,40.758996,-73.980788
47-50th Sts Rockefeller Center,40.759301,-73.980594
47-50th Sts Rockefeller Center,40.760125,-73.980499
47-50th Sts Rockefeller Center,40.759953,-73.980117
47-50th Sts Rockefeller Center,40.760502,-73.980218
47-50th Sts Rockefeller Center,40.759896,-73.980706
47-50th Sts Rockefeller Center,40.759434,-73.981001
4th Av,40.67001,-73.989248
4th Av,40.669953,-73.989442
57th St,40.764564,-73.97683
57th St,40.764652,-73.977119
57th St,40.763998,-73.977264
57th St,40.764227,-73.97743
57th St,40.763874,-73.977358
57th St,40.763392,-73.977674
57th St,40.763482,-73.977974
57th St,40.763831,-73.977718
7th Av,40.666649,-73.981624
7th Av,40.665993,-73.979181
7th Av,40.665593,-73.979509
7th Av,40.665494,-73.979278
7th Av,40.665835,-73.979007
7th Av,40.667112,-73.981716
7th Av,40.666751,-73.981851
7th Av,40.667004,-73.981331
Bergen St,40.685445,-73.991131
Bergen St,40.686868,-73.990526
Bergen St,40.686708,-73.990629
Bergen St,40.686727,-73.990269
Bergen St,40.686584,-73.990362
Bergen St,40.685579,-73.991465
Broadway-Lafayette St,40.725344,-73.995612
Broadway-Lafayette St,40.725011,-73.995745
Broadway-Lafayette St,40.724987,-73.995628
Broadway-Lafayette St,40.725499,-73.996387
Broadway-Lafayette St,40.725202,-73.996583
Carroll St,40.680944,-73.994247
Carroll St,40.679299,-73.995698
Carroll St,40.679344,-73.995288
Carroll St,40.680806,-73.99435
Carroll St,40.681115,-73.994434
Church Av,40.644908,-73.980019
Church Av,40.645042,-73.979573
Church Av,40.643006,-73.97966
Church Av,40.642571,-73.979579
Church Av,40.643147,-73.979342
Church Av,40.642692,-73.97926
Delancey St,40.718781,-73.988233
Delancey St,40.718207,-73.988273
Delancey St,40.718372,-73.988445
Delancey St,40.718778,-73.987961
East Broadway,40.714404,-73.989918
East Broadway,40.714194,-73.990352
East Broadway,40.713906,-73.990014
East Broadway,40.712727,-73.990126
Fort Hamilton Parkway,40.652665,-73.975901
Fort Hamilton Parkway,40.651608,-73.975596
Fort Hamilton Parkway,40.651834,-73.976076
Fort Hamilton Parkway,40.649854,-73.975815
Grand St,40.718191,-73.993577
Grand St,40.718155,-73.993452
Grand St,40.718265,-73.993877
Prospect Park-15 St,40.659436,-73.979951
Prospect Park-15 St,40.6614,-73.979762
Prospect Park-15 St,40.661287,-73.979395
Prospect Park-15 St,40.660763,-73.978992
Prospect Park-15 St,40.660705,-73.979522
Prospect Park-15 St,40.660198,-73.979787
Smith-9th St,40.674725,-73.997505
York St,40.70138,-73.986655
103rd St,40.796263,-73.96161
116th St,40.804172,-73.955131
116th St,40.804312,-73.955643
116th St,40.804639,-73.955559
116th St,40.804428,-73.955024
125th St,40.811007,-73.952615
125th St,40.81199,-73.951745
125th St,40.811858,-73.951351
125th St,40.810636,-73.952886
125th St,40.810879,-73.952318
125th St,40.810526,-73.952583
135th St,40.817188,-73.947665
135th St,40.818354,-73.947213
135th St,40.818558,-73.947543
135th St,40.817125,-73.948225
135th St,40.816867,-73.947953
135th St,40.816892,-73.947818
145th St,40.825622,-73.943796
145th St,40.823791,-73.944726
145th St,40.823915,-73.945027
145th St,40.824244,-73.944931
145th St,40.824028,-73.944409
145th St,40.825581,-73.943444
14th St,40.740938,-74.001919
14th St,40.741235,-74.001715
14th St,40.740944,-74.001402
14th St,40.741046,-74.001284
14th St,40.739949,-74.002655
14th St,40.74041,-74.00175
14th St,40.740598,-74.002185
14th St,40.739776,-74.002256
155th St,40.831106,-73.94155
155th St,40.831031,-73.941149
155th St,40.830921,-73.9411
155th St,40.830744,-73.941597
155th St,40.830854,-73.941638
155th St,40.831139,-73.941447
163rd St - Amsterdam Av,40.835278,-73.939625
163rd St - Amsterdam Av,40.835192,-73.940146
163rd St - Amsterdam Av,40.835936,-73.940137
168th St - Washington Heights,40.840741,-73.939252
168th St - Washington Heights,40.84186,-73.939569
168th St - Washington Heights,40.841928,-73.939455
168th St - Washington Heights,40.84176,-73.939067
175th St,40.847859,-73.939303
175th St,40.847944,-73.939679
175th St,40.847809,-73.939807
175th St,40.847946,-73.939375
175th St,40.846407,-73.939861
175th St,40.846352,-73.940287
175th St,40.847992,-73.939564
181st St,40.850717,-73.938214
181st St,40.85087,-73.938537
181st St,40.852759,-73.936636
181st St,40.850752,-73.93813
181st St,40.850778,-73.938472
190th St,40.858899,-73.932702
190th St,40.858886,-73.934226
23rd St,40.745278,-73.998771
23rd St,40.745505,-73.998642
23rd St,40.746535,-73.997271
23rd St,40.745814,-73.997852
23rd St,40.746427,-73.99735
23rd St,40.74611,-73.998145
23rd St,40.746483,-73.997142
23rd St,40.745102,-73.998365
23rd St,40.745299,-73.998145
23rd St,40.746732,-73.997711
23rd St,40.746603,-73.997801
34th St,40.752877,-73.993244
34th St,40.752796,-73.992669
34th St,40.752689,-73.992742
34th St,40.752161,-73.993109
34th St,40.75202,-73.993352
34th St,40.751539,-73.994181
34th St,40.751561,-73.994243
34th St,40.751677,-73.994107
34th St,40.751432,-73.993538
34th St,40.751291,-73.993887
34th St,40.752427,-73.993679
34th St,40.752178,-73.993701
34th St,40.753032,-73.993188
34th St,40.753053,-73.993256
34th St,40.752766,-73.992596
42nd St,40.757463,-73.989984
42nd St,40.757929,-73.989547
42nd St,40.758685,-73.98899
42nd St,40.758401,-73.988673
42nd St,40.758567,-73.989053
42nd St,40.756101,-73.990887
42nd St,40.755801,-73.990576
42nd St,40.755989,-73.991049
42nd St,40.757286,-73.989582
50th St,40.762312,-73.986378
50th St,40.762452,-73.986299
50th St,40.761968,-73.986662
50th St,40.761741,-73.986924
50th St,40.761691,-73.986805
50th St,40.762085,-73.985829
50th St,40.762216,-73.985757
50th St,40.7629,-73.985412
59th St,40.767643,-73.982563
59th St,40.766944,-73.982941
59th St,40.766488,-73.982708
59th St,40.768719,-73.981788
59th St,40.767367,-73.982137
59th St,40.766416,-73.983301
59th St,40.768649,-73.981184
59th St,40.766745,-73.983408
59th St,40.767667,-73.982408
59th St,40.767677,-73.982526
59th St,40.767659,-73.982542
59th St,40.766725,-73.982563
72nd St,40.776217,-73.976247
72nd St,40.77494,-73.977144
72nd St,40.776431,-73.975977
81st St - Museum of Natural History,40.782254,-73.971741
81st St - Museum of Natural History,40.780895,-73.972918
81st St - Museum of Natural History,40.781976,-73.972027
81st St - Museum of Natural History,40.780319,-73.973179
86th St,40.786115,-73.969011
86th St,40.786769,-73.968448
86th St,40.78548,-73.969458
86th St,40.785282,-73.969662
86th St,40.785195,-73.969596
96th St,40.792591,-73.964316
96th St,40.792285,-73.964423
96th St,40.791642,-73.965009
Broadway-Nassau,40.710555,-74.008632
Broadway-Nassau,40.710692,-74.008428
Canal St,40.720758,-74.005399
Canal St,40.71987,-74.005038
Canal St,40.721967,-74.005133
Canal St,40.721651,-74.005634
Canal St,40.720704,-74.004999
Cathedral Parkway-110th St,40.800002,-73.958882
Cathedral Parkway-110th St,40.800866,-73.958405
Cathedral Parkway-110th St,40.800002,-73.958448
Chambers St,40.714873,-74.008162
Chambers St,40.7142,-74.008357
Chambers St,40.714539,-74.008428
Chambers St,40.714313,-74.008584
Chambers St,40.713949,-74.00896
Chambers St,40.714992,-74.007739
Chambers St,40.715099,-74.007989
Chambers St,40.713753,-74.009046
Chambers St,40.714777,-74.007903
Dyckman St-200th St,40.865744,-73.927172
Dyckman St-200th St,40.865758,-73.927266
Dyckman St-200th St,40.865446,-73.927035
Dyckman St-200th St,40.865342,-73.926964
Dyckman St-200th St,40.865248,-73.927279
Dyckman St-200th St,40.865296,-73.927411
Dyckman St-200th St,40.865362,-73.928059
High St,40.699405,-73.991413
High St,40.699212,-73.988274
High St,40.699112,-73.98892
Inwood - 207th St,40.867512,-73.92133
Inwood - 207th St,40.867892,-73.921234
Inwood - 207th St,40.867799,-73.921431
Inwood - 207th St,40.867653,-73.920949
Inwood - 207th St,40.868284,-73.919607
Inwood - 207th St,40.868036,-73.919284
Spring St,40.726208,-74.00399
Spring St,40.725595,-74.004326
Spring St,40.725583,-74.003747
West 4th St,40.731133,-74.001534
West 4th St,40.731091,-74.001127
West 4th St,40.733259,-73.999615
West 4th St,40.733072,-74.000192
West 4th St,40.733067,-73.999728
West 4th St,40.731086,-74.001209
World Trade Center,40.713333,-74.009033
World Trade Center,40.712681,-74.009891
World Trade Center,40.713286,-74.009511
World Trade Center,40.713036,-74.009245
World Trade Center,40.713435,-74.009292
World Trade Center,40.711793,-74.010165
World Trade Center,40.71171,-74.010204
World Trade Center,40.712258,-74.010306
Jamaica-Van Wyck,40.701241,-73.816577
Jamaica-Van Wyck,40.702731,-73.81727
Jamaica-Van Wyck,40.701263,-73.816372
Parsons Blvd-Archer Av - Jamaica Center,40.702311,-73.799991
Parsons Blvd-Archer Av - Jamaica Center,40.702353,-73.799784
Parsons Blvd-Archer Av - Jamaica Center,40.701855,-73.80174
Parsons Blvd-Archer Av - Jamaica Center,40.702821,-73.799843
Parsons Blvd-Archer Av - Jamaica Center,40.701886,-73.801754
Parsons Blvd-Archer Av - Jamaica Center,40.702674,-73.799786
Parsons Blvd-Archer Av - Jamaica Center,40.702324,-73.80001
Parsons Blvd-Archer Av - Jamaica Center,40.702234,-73.801859
Parsons Blvd-Archer Av - Jamaica Center,40.701874,-73.801747
Parsons Blvd-Archer Av - Jamaica Center,40.70164,-73.802478
Sutphin Blvd-Archer Av - JFK,40.700401,-73.807976
Sutphin Blvd-Archer Av - JFK,40.70081,-73.807923
Sutphin Blvd-Archer Av - JFK,40.700554,-73.807353
Sutphin Blvd-Archer Av - JFK,40.700872,-73.807673
155th St,40.830313,-73.936687
167th St,40.834788,-73.917838
167th St,40.834609,-73.917245
167th St,40.832912,-73.918822
167th St,40.833111,-73.919399
167th St,40.834466,-73.918155
167th St,40.834286,-73.917562
170th St,40.840097,-73.913333
170th St,40.838421,-73.913626
170th St,40.838991,-73.914037
170th St,40.838618,-73.914191
170th St,40.839751,-73.912743
174-175th Sts,40.846354,-73.909047
174-175th Sts,40.846461,-73.909796
174-175th Sts,40.844939,-73.910885
174-175th Sts,40.844933,-73.911212
182nd-183rd Sts,40.856039,-73.900449
182nd-183rd Sts,40.856038,-73.90114
182nd-183rd Sts,40.855864,-73.900484
182nd-183rd Sts,40.856237,-73.901115
Bedford Park Blvd,40.872135,-73.887459
Bedford Park Blvd,40.874025,-73.886466
Bedford Park Blvd,40.874084,-73.887112
Bedford Park Blvd,40.872468,-73.887894
Bedford Park Blvd,40.872198,-73.887788
Fordham Rd,40.861401,-73.898098
Fordham Rd,40.862608,-73.896662
Fordham Rd,40.862296,-73.896885
Fordham Rd,40.861322,-73.897355
Fordham Rd,40.861592,-73.898019
Fordham Rd,40.861147,-73.897424
Kingsbridge Rd,40.866127,-73.893982
Kingsbridge Rd,40.866369,-73.894521
Kingsbridge Rd,40.866181,-73.894306
Kingsbridge Rd,40.868114,-73.893195
Kingsbridge Rd,40.867688,-73.892739
Norwood-205th St,40.874021,-73.877501
Norwood-205th St,40.874262,-73.877533
Norwood-205th St,40.875087,-73.87961
Norwood-205th St,40.874902,-73.879267
Tremont Av,40.850124,-73.905841
Tremont Av,40.849864,-73.906084
Tremont Av,40.851176,-73.904263
Tremont Av,40.851052,-73.905093
Tremont Av,40.849968,-73.905226
Yankee Stadium-161st St,40.828011,-73.925588
Yankee Stadium-161st St,40.827545,-73.926202
Yankee Stadium-161st St,40.827471,-73.92625
Yankee Stadium-161st St,40.827488,-73.926004
Yankee Stadium-161st St,40.82784,-73.925715
Yankee Stadium-161st St,40.827539,-73.924156
Yankee Stadium-161st St,40.827572,-73.924028
Yankee Stadium-161st St,40.827372,-73.924217
21st St,40.744625,-73.949117
21st St,40.744552,-73.948425
21st St,40.744771,-73.948658
Bedford-Nostrand Avs,40.689543,-73.954998
Bedford-Nostrand Avs,40.6895,-73.955353
Bedford-Nostrand Avs,40.68933,-73.955318
Bedford-Nostrand Avs,40.689757,-73.951612
Bedford-Nostrand Avs,40.689995,-73.951616
Bedford-Nostrand Avs,40.689367,-73.954957
Broadway,40.705114,-73.950062
Broadway,40.705495,-73.950089
Broadway,40.705204,-73.95032
Broadway,40.70549,-73.950554
Classon Av,40.688781,-73.959871
Classon Av,40.688753,-73.96019
Classon Av,40.688942,-73.960215
Clinton-Washington Avs,40.688157,-73.965579
Clinton-Washington Avs,40.68846,-73.965749
Clinton-Washington Avs,40.687875,-73.967931
Clinton-Washington Avs,40.688114,-73.967575
Flushing Av,40.699582,-73.950164
Flushing Av,40.699985,-73.949895
Fulton St,40.68716,-73.976865
Fulton St,40.687159,-73.97629
Greenpoint Av,40.732216,-73.954784
Greenpoint Av,40.730278,-73.954488
Greenpoint Av,40.730122,-73.954049
Greenpoint Av,40.73007,-73.954377
Greenpoint Av,40.732258,-73.954379
Long Island City-Court Square,40.746243,-73.944011
Long Island City-Court Square,40.746869,-73.943522
Long Island City-Court Square,40.746214,-73.945115
Metropolitan Av,40.713747,-73.951768
Metropolitan Av,40.713744,-73.951455
Metropolitan Av,40.713927,-73.951737
Metropolitan Av,40.71414,-73.95135
Myrtle-Willoughby Avs,40.6955,-73.94896
Myrtle-Willoughby Avs,40.695436,-73.94948
Nassau Av,40.725573,-73.951603
Nassau Av,40.72365,-73.950929
Nassau Av,40.723765,-73.950566
Nassau Av,40.72378,-73.950985
Nassau Av,40.723894,-73.950665
Nassau Av,40.725446,-73.951974
18th Av,40.628674,-73.976892
18th Av,40.630531,-73.977251
18th Av,40.630562,-73.976995
18th Av,40.628708,-73.976646
Av I,40.624263,-73.976049
Av I,40.626133,-73.976407
Av I,40.626163,-73.976177
Av I,40.624301,-73.975817
Av N,40.616121,-73.974507
Av N,40.614279,-73.97418
Av N,40.614304,-73.97391
Av N,40.61616,-73.97427
Av P,40.608615,-73.973097
Av P,40.609041,-73.972904
Av U,40.595053,-73.973623
Av U,40.596701,-73.973402
Av U,40.596897,-73.973137
Av U,40.595027,-73.973382
Av X,40.590521,-73.974242
Av X,40.590266,-73.974051
Bay Parkway-22nd Av,40.620825,-73.975138
Bay Parkway-22nd Av,40.620797,-73.975479
Bay Parkway-22nd Av,40.621162,-73.975467
Ditmas Av,40.635389,-73.977914
Ditmas Av,40.637107,-73.978257
Ditmas Av,40.637093,-73.978463
Ditmas Av,40.635434,-73.978289
Kings Highway,40.604007,-73.972393
Kings Highway,40.602197,-73.97264
Kings Highway,40.602178,-73.972379
Kings Highway,40.603999,-73.972124
Neptune Av-Van Siclen,40.580576,-73.974443
Neptune Av-Van Siclen,40.580547,-73.974778
Broadway Junction-East New York,40.678334,-73.903922
Clinton & Washington Avs,40.682868,-73.96463
Clinton & Washington Avs,40.683653,-73.966797
Clinton & Washington Avs,40.683317,-73.966741
Clinton & Washington Avs,40.683172,-73.964689
Clinton & Washington Avs,40.683695,-73.967069
Euclid Av,40.675301,-73.871801
Euclid Av,40.675554,-73.871875
Euclid Av,40.675478,-73.872109
Euclid Av,40.675274,-73.872115
Euclid Av,40.675533,-73.871742
Franklin Av,40.681256,-73.95559
Hoyt & Schermerhorn,40.688396,-73.984216
Hoyt & Schermerhorn,40.689085,-73.985941
Jay St - Borough Hall,40.692397,-73.987162
Jay St - Borough Hall,40.692329,-73.987167
Jay St - Borough Hall,40.693491,-73.987089
Jay St - Borough Hall,40.693153,-73.987408
Jay St - Borough Hall,40.691559,-73.987208
Jay St - Borough Hall,40.6917,-73.987461
Jay St - Borough Hall,40.693153,-73.987484
Jay St - Borough Hall,40.693243,-73.987402
Jay St - Borough Hall,40.692394,-73.987491
Jay St - Borough Hall,40.692393,-73.987443
Jay St - Borough Hall,40.692336,-73.987494
Jay St - Borough Hall,40.692335,-73.987446
Jay St - Borough Hall,40.693243,-73.987481
Kingston-Throop,40.679804,-73.941119
Kingston-Throop,40.68001,-73.940247
Kingston-Throop,40.680057,-73.940483
Kingston-Throop,40.679728,-73.941362
Lafayette Av,40.685559,-73.9729
Lafayette Av,40.686553,-73.974606
Lafayette Av,40.686119,-73.974517
Lafayette Av,40.686409,-73.974347
Lafayette Av,40.686041,-73.974278
Lafayette Av,40.686077,-73.973308
Lafayette Av,40.685789,-73.97276
Lafayette Av,40.6857,-73.973526
Lafayette Av,40.685969,-73.973021
Liberty Av,40.67443,-73.896776
Liberty Av,40.674268,-73.896312
Liberty Av,40.674242,-73.896645
Liberty Av,40.674567,-73.896364
Nostrand Av,40.680228,-73.949414
Nostrand Av,40.680262,-73.949635
Nostrand Av,40.680572,-73.949753
Nostrand Av,40.680547,-73.949515
Ralph Av,40.678702,-73.921552
Ralph Av,40.679164,-73.92187
Ralph Av,40.678984,-73.921442
Rockaway Av,40.678513,-73.910773
Rockaway Av,40.678594,-73.913732
Rockaway Av,40.678317,-73.913651
Rockaway Av,40.67846,-73.910971
Rockaway Av,40.678017,-73.910661
Rockaway Av,40.678142,-73.910875
Shepherd Av,40.674303,-73.880749
Shepherd Av,40.673989,-73.880869
Shepherd Av,40.674234,-73.880927
Shepherd Av,40.67397,-73.880667
Utica Av,40.67953,-73.932021
Utica Av,40.679346,-73.931987
Utica Av,40.679487,-73.929725
Utica Av,40.679095,-73.930044
Van Siclen Av,40.672479,-73.890164
Van Siclen Av,40.672545,-73.890381
Van Siclen Av,40.672771,-73.890584
Van Siclen Av,40.67285,-73.890257
104th St-Oxford Av,40.681994,-73.836742
104th St-Oxford Av,40.68212,-73.836836
111th St-Greenwood Av,40.683972,-73.832816
111th St-Greenwood Av,40.684874,-73.830943
111th St-Greenwood Av,40.684732,-73.830898
111th St-Greenwood Av,40.684111,-73.832889
80th St-Hudson St,40.679361,-73.860284
80th St-Hudson St,40.679498,-73.858049
80th St-Hudson St,40.679371,-73.858024
80th St-Hudson St,40.679215,-73.860291
88th St-Boyd Av,40.679973,-73.850413
88th St-Boyd Av,40.679828,-73.850401
Grant Av,40.676735,-73.865491
Lefferts Blvd,40.685868,-73.827107
Lefferts Blvd,40.686103,-73.824314
Lefferts Blvd,40.686234,-73.824378
Lefferts Blvd,40.68572,-73.827092
Rockaway Blvd,40.680611,-73.842537
Rockaway Blvd,40.680774,-73.842558
Rockaway Blvd,40.680158,-73.845131
Rockaway Blvd,40.680305,-73.845159
169th St,40.71083,-73.793248
169th St,40.710563,-73.792853
169th St,40.710968,-73.792761
169th St,40.710495,-73.793022
169th St,40.709812,-73.794712
169th St,40.710154,-73.794922
169th St,40.709852,-73.794564
169th St,40.710184,-73.79473
23rd St-Ely Av,40.747371,-73.944287
23rd St-Ely Av,40.747706,-73.944626
23rd St-Ely Av,40.748195,-73.947163
23rd St-Ely Av,40.747954,-73.94724
36th St,40.752238,-73.927662
36th St,40.75193,-73.927141
36th St,40.752232,-73.928775
36th St,40.752198,-73.929263
36th St,40.751868,-73.930585
46th St,40.755813,-73.912642
46th St,40.756624,-73.914407
46th St,40.756029,-73.91218
46th St,40.756868,-73.914303
5th Av-53rd St,40.759721,-73.973858
5th Av-53rd St,40.760267,-73.975638
5th Av-53rd St,40.760373,-73.975562
5th Av-53rd St,40.760422,-73.976146
5th Av-53rd St,40.759556,-73.974068
63rd Drive-Rego Park,40.730037,-73.861343
63rd Drive-Rego Park,40.729574,-73.861751
63rd Drive-Rego Park,40.728847,-73.859668
63rd Drive-Rego Park,40.730417,-73.862373
63rd Drive-Rego Park,40.729265,-73.860814
63rd Drive-Rego Park,40.729953,-73.862699
63rd Drive-Rego Park,40.729774,-73.860489
65th St,40.74933,-73.897382
65th St,40.749145,-73.897495
67th Av,40.726367,-73.851592
67th Av,40.72603,-73.852186
67th Av,40.727073,-73.853226
67th Av,40.726598,-73.853534
75th Av,40.717895,-73.836743
75th Av,40.718574,-73.838257
75th Av,40.719061,-73.837916
7th Av,40.762937,-73.981578
7th Av,40.763388,-73.982495
7th Av,40.763141,-73.982666
7th Av,40.762793,-73.98169
Briarwood-Van Wyck Blvd,40.708068,-73.820111
Briarwood-Van Wyck Blvd,40.709681,-73.819601
Briarwood-Van Wyck Blvd,40.709316,-73.819773
Elmhurst Av,40.741861,-73.881457
Elmhurst Av,40.742937,-73.882708
Elmhurst Av,40.742791,-73.883025
Elmhurst Av,40.741729,-73.881135
Elmhurst Av,40.742066,-73.881039
Forest Hills-71st Av,40.722269,-73.845153
Forest Hills-71st Av,40.721409,-73.844632
Forest Hills-71st Av,40.721916,-73.844352
Forest Hills-71st Av,40.7211,-73.844039
Forest Hills-71st Av,40.72149,-73.843389
Grand Av-Newtown,40.737354,-73.877191
Grand Av-Newtown,40.735888,-73.876886
Grand Av-Newtown,40.736277,-73.876424
Grand Av-Newtown,40.736075,-73.877167
Grand Av-Newtown,40.737477,-73.877424
Jackson Heights-Roosevelt Ave,40.746784,-73.890958
Jackson Heights-Roosevelt Ave,40.746597,-73.890955
Jackson Heights-Roosevelt Ave,40.747238,-73.892146
Jackson Heights-Roosevelt Ave,40.746527,-73.891461
Jackson Heights-Roosevelt Ave,40.746391,-73.890285
Jackson Heights-Roosevelt Ave,40.745988,-73.890208
Jackson Heights-Roosevelt Ave,40.747034,-73.892555
Jamaica-179th St,40.713207,-73.782119
Jamaica-179th St,40.712865,-73.782418
Jamaica-179th St,40.712581,-73.783377
Jamaica-179th St,40.71264,-73.784411
Jamaica-179th St,40.712548,-73.783427
Jamaica-179th St,40.712892,-73.783363
Jamaica-179th St,40.712669,-73.783274
Jamaica-179th St,40.71294,-73.783179
Jamaica-179th St,40.712723,-73.783035
Jamaica-179th St,40.713113,-73.782624
Jamaica-179th St,40.712723,-73.782637
Jamaica-179th St,40.712242,-73.784968
Jamaica-179th St,40.712483,-73.785064
Jamaica-179th St,40.71224,-73.784456
Jamaica-179th St,40.712575,-73.784669
Jamaica-179th St,40.712295,-73.78428
Kew Gardens-Union Turnpike,40.714929,-73.831501
Kew Gardens-Union Turnpike,40.714673,-73.832151
Kew Gardens-Union Turnpike,40.715019,-73.83162
Kew Gardens-Union Turnpike,40.714145,-73.830886
Kew Gardens-Union Turnpike,40.713967,-73.831303
Kew Gardens-Union Turnpike,40.714073,-73.829917
Kew Gardens-Union Turnpike,40.713663,-73.830011
Kew Gardens-Union Turnpike,40.714001,-73.831166
Lexington Av-53rd St,40.758329,-73.970567
Lexington Av-53rd St,40.757685,-73.969125
Lexington Av-53rd St,40.757718,-73.969161
Lexington Av-53rd St,40.757475,-73.969255
Lexington Av-53rd St,40.757804,-73.971141
Lexington Av-53rd St,40.757784,-73.971098
Lexington Av-53rd St,40.75812,-73.970958
Northern Blvd,40.753086,-73.907119
Northern Blvd,40.753428,-73.906847
Parsons Blvd,40.707873,-73.802999
Parsons Blvd,40.707473,-73.802797
Parsons Blvd,40.707063,-73.80462
Parsons Blvd,40.707358,-73.804498
Parsons Blvd,40.707062,-73.804332
Parsons Blvd,40.707563,-73.802611
Queens Plaza,40.748705,-73.938471
Queens Plaza,40.749857,-73.936198
Queens Plaza,40.749577,-73.936094
Queens Plaza,40.748466,-73.938244
Queens Plaza,40.748807,-73.937057
Queens Plaza,40.748697,-73.937364
Queens Plaza,40.749086,-73.937896
Steinway St,40.758143,-73.919842
Steinway St,40.756673,-73.920622
Steinway St,40.756583,-73.921108
Steinway St,40.758279,-73.919433
Sutphin Blvd,40.705945,-73.809489
Sutphin Blvd,40.705591,-73.809481
Sutphin Blvd,40.704906,-73.811956
Sutphin Blvd,40.705341,-73.81186
Sutphin Blvd,40.705538,-73.809717
Woodhaven Blvd,40.733354,-73.870983
Woodhaven Blvd,40.733188,-73.868605
Woodhaven Blvd,40.733555,-73.869588
Woodhaven Blvd,40.733041,-73.870334
Aqueduct-North Conduit Av,40.669339,-73.834721
Aqueduct-North Conduit Av,40.667018,-73.83348
Aqueduct Racetrack,40.672208,-73.834589
Beach 105th St,40.583369,-73.827474
Beach 105th St,40.583435,-73.827232
Beach 105th St,40.583248,-73.827163
Beach 105th St,40.583187,-73.827388
Beach 25th St,40.599427,-73.761807
Beach 25th St,40.59967,-73.761596
Beach 25th St,40.599708,-73.761959
Beach 36th St,40.595469,-73.767919
Beach 36th St,40.595445,-73.768313
Beach 36th St,40.595297,-73.768206
Beach 36th St,40.595617,-73.768032
Beach 44th St,40.593106,-73.775743
Beach 44th St,40.592897,-73.775715
Beach 44th St,40.593079,-73.775985
Beach 44th St,40.59286,-73.776109
Beach 60th St,40.592478,-73.78941
Beach 60th St,40.592269,-73.789578
Beach 60th St,40.59249,-73.789161
Beach 60th St,40.592292,-73.789153
Beach 67th St,40.590951,-73.796176
Beach 67th St,40.590744,-73.797789
Beach 67th St,40.590901,-73.796609
Beach 67th St,40.591123,-73.79646
Beach 90th St,40.58808,-73.813907
Beach 90th St,40.587929,-73.813755
Beach 90th St,40.587814,-73.814037
Beach 90th St,40.587999,-73.814117
Beach 98th St,40.585208,-73.820595
Beach 98th St,40.58554,-73.820345
Beach 98th St,40.585342,-73.820249
Broad Channel,40.608007,-73.815967
Far Rockaway-Mott Av,40.604657,-73.754178
Howard Beach,40.660486,-73.830453
Howard Beach,40.66016,-73.830372
Howard Beach,40.660465,-73.830518
Howard Beach,40.660372,-73.830369
Rockaway Park-Beach 116th,40.58051,-73.837418
Grand Central,40.752279,-73.97828
Grand Central,40.752184,-73.978048
Grand Central,40.752846,-73.979798
Grand Central,40.753087,-73.979537
Grand Central,40.75283,-73.978917
Grand Central,40.752218,-73.978396
Grand Central,40.752717,-73.978487
Times Square,40.756476,-73.986311
103rd St,40.799142,-73.968314
103rd St,40.799282,-73.968679
103rd St,40.799584,-73.968091
103rd St,40.799223,-73.968271
103rd St,40.79941,-73.968612
116th St-Columbia University,40.807535,-73.964013
116th St-Columbia University,40.808251,-73.963955
116th St-Columbia University,40.808099,-73.963603
116th St-Columbia University,40.8084,-73.963845
116th St-Columbia University,40.808245,-73.963495
125th St,40.815143,-73.958439
125th St,40.81523,-73.958366
125th St,40.815307,-73.958826
125th St,40.815688,-73.958554
137th St-City College,40.821584,-73.954223
137th St-City College,40.821391,-73.953906
137th St-City College,40.821454,-73.953856
137th St-City College,40.821348,-73.954408
145th St,40.826657,-73.95052
145th St,40.826513,-73.950162
145th St,40.826199,-73.950392
14th St,40.738484,-73.999914
14th St,40.737846,-73.99993
14th St,40.737197,-74.0004
14th St,40.737388,-74.000815
14th St,40.738013,-74.000329
14th St,40.738358,-73.999656
14th St,40.738585,-73.999405
14th St,40.738775,-73.999711
157th St,40.834221,-73.945073
157th St,40.834268,-73.945183
157th St,40.833832,-73.944753
157th St,40.83386,-73.94462
168th St,40.840717,-73.93972
168th St,40.841024,-73.940083
168th St,40.840859,-73.940209
181st St,40.849098,-73.933747
181st St,40.849435,-73.933428
18th St,40.741206,-73.998035
18th St,40.741783,-73.997557
18th St,40.741081,-73.998105
18th St,40.741015,-73.99758
18th St,40.74092,-73.997698
18th St,40.741617,-73.997197
191st St,40.856413,-73.932605
191st St,40.855374,-73.929536
207th St,40.864745,-73.918864
207th St,40.864599,-73.918681
207th St,40.86423,-73.918951
207th St,40.864283,-73.919222
215th St,40.869793,-73.91517
215th St,40.869729,-73.914954
215th St,40.869315,-73.915216
215th St,40.869412,-73.915455
231st St,40.878694,-73.904821
231st St,40.878775,-73.905024
231st St,40.879091,-73.904538
231st St,40.879168,-73.904751
238th St,40.884813,-73.900923
238th St,40.885226,-73.900439
238th St,40.884868,-73.900598
23rd St,40.744017,-73.995901
23rd St,40.74412,-73.995348
23rd St,40.744313,-73.995811
23rd St,40.74391,-73.995608
28th St,40.746787,-73.993955
28th St,40.747392,-73.99351
28th St,40.747216,-73.993121
28th St,40.747264,-73.993611
28th St,40.747036,-73.993138
28th St,40.746594,-73.993555
34th St,40.750313,-73.990854
34th St,40.750077,-73.99082
34th St,40.749656,-73.99113
34th St,40.751046,-73.991271
34th St,40.75102,-73.990323
34th St,40.75081,-73.990481
34th St,40.74979,-73.991721
34th St,40.751187,-73.990791
34th St,40.750982,-73.990899
34th St,40.750476,-73.991254
34th St,40.750283,-73.99065
50th St,40.761367,-73.983782
50th St,40.761212,-73.983357
50th St,40.761111,-73.983436
50th St,40.761282,-73.983853
50th St,40.761561,-73.984154
50th St,40.761432,-73.98437
59th St-Columbus Circle,40.769365,-73.982392
59th St-Columbus Circle,40.768777,-73.982106
59th St-Columbus Circle,40.769227,-73.9824
59th St-Columbus Circle,40.767654,-73.981423
59th St-Columbus Circle,40.767642,-73.981235
66th St-Lincoln Center,40.773536,-73.982006
66th St-Lincoln Center,40.773576,-73.982425
66th St-Lincoln Center,40.773829,-73.982433
66th St-Lincoln Center,40.773738,-73.982448
66th St-Lincoln Center,40.773682,-73.982015
66th St-Lincoln Center,40.773457,-73.982004
72nd St,40.778437,-73.981947
72nd St,40.778585,-73.981923
72nd St,40.778875,-73.981877
72nd St,40.779146,-73.981822
79th St,40.783985,-73.979662
79th St,40.78362,-73.97991
79th St,40.783765,-73.980274
79th St,40.784066,-73.980051
86th St,40.78902,-73.97633
86th St,40.788515,-73.976718
86th St,40.788073,-73.976288
86th St,40.788272,-73.976083
86th St,40.788349,-73.976935
96th St,40.794329,-73.972042
96th St,40.79307,-73.973174
96th St,40.792923,-73.972824
96th St,40.793209,-73.973074
96th St,40.794611,-73.972053
96th St,40.793065,-73.972722
Canal St,40.722497,-74.005994
Canal St,40.722878,-74.006518
Canal St,40.722932,-74.00662
Canal St,40.722569,-74.00608
Cathedral Parkway-110th St,40.803926,-73.966647
Cathedral Parkway-110th St,40.804257,-73.966422
Cathedral Parkway-110th St,40.80439,-73.966786
Chambers St,40.715539,-74.009427
Chambers St,40.715736,-74.009328
Chambers St,40.715349,-74.009211
Chambers St,40.715444,-74.009453
Chambers St,40.715576,-74.009031
Christopher St,40.733634,-74.003123
Christopher St,40.733467,-74.003076
Christopher St,40.733402,-74.002748
Christopher St,40.733515,-74.003147
Christopher St,40.733652,-74.003006
Dyckman St,40.861183,-73.92511
Dyckman St,40.861187,-73.925078
Franklin St,40.718965,-74.007121
Franklin St,40.719001,-74.006675
Franklin St,40.719888,-74.006925
Franklin St,40.719251,-74.007058
Franklin St,40.719918,-74.00662
Houston St,40.728686,-74.005517
Houston St,40.728561,-74.00554
Houston St,40.727989,-74.005258
Houston St,40.727983,-74.00565
Houston St,40.72784,-74.005681
Houston St,40.727739,-74.005305
Houston St,40.728656,-74.005086
Houston St,40.728472,-74.005188
Marble Hill-225th St,40.874308,-73.909795
Marble Hill-225th St,40.874437,-73.910529
Rector St,40.706527,-74.014144
Rector St,40.708107,-74.013445
Rector St,40.706493,-74.014319
Rector St,40.706597,-74.014115
Rector St,40.707564,-74.013853
Rector St,40.708191,-74.013582
South Ferry,40.702033,-74.013149
South Ferry,40.701313,-74.013479
South Ferry,40.701961,-74.013397
Times Square,40.756241,-73.987133
Times Square,40.755747,-73.986875
Times Square,40.755248,-73.987362
Times Square,40.755575,-73.986311
Times Square,40.755334,-73.9872
Times Square,40.755554,-73.987679
Times Square,40.754568,-73.987827
Times Square,40.754691,-73.988067
Times Square,40.756042,-73.987242
Van Cortlandt Park-242nd St,40.889783,-73.898432
Van Cortlandt Park-242nd St,40.889683,-73.897925
Van Cortlandt Park-242nd St,40.890136,-73.898257
Van Cortlandt Park-242nd St,40.889946,-73.897798
Borough Hall,40.693594,-73.990304
Borough Hall,40.693838,-73.990119
Borough Hall,40.693569,-73.990599
Borough Hall,40.693728,-73.99063
Clark St,40.69759,-73.993275
Clark St,40.697649,-73.99306
Fulton St,40.709475,-74.006409
Fulton St,40.70863,-74.006999
Fulton St,40.7092,-74.006664
Fulton St,40.709046,-74.006814
Park Place,40.712712,-74.007766
Wall St,40.707431,-74.008778
Wall St,40.706392,-74.009332
Wall St,40.706506,-74.009544
Wall St,40.706755,-74.008804
Wall St,40.706272,-74.009447
Wall St,40.706385,-74.009658
Baychester Av,40.879519,-73.837958
Baychester Av,40.87933,-73.837858
Eastchester-Dyre Av,40.88798,-73.831195
Gun Hill Rd,40.870039,-73.845724
Gun Hill Rd,40.870117,-73.845869
Morris Park,40.854544,-73.860248
Pelham Parkway,40.858804,-73.855515
Atlantic Av-Barclays Ctr,40.684976,-73.97788
Bergen St,40.680709,-73.975241
Bergen St,40.680695,-73.974748
Bergen St,40.680911,-73.97496
Bergen St,40.680832,-73.975534
Bergen St,40.680951,-73.975448
Eastern Parkway-Brooklyn Museum,40.672122,-73.964154
Eastern Parkway-Brooklyn Museum,40.671789,-73.964301
Franklin Av,40.670337,-73.957973
Franklin Av,40.670485,-73.957806
Franklin Av,40.670732,-73.957696
Franklin Av,40.670922,-73.957764
Grand Army Plaza,40.675142,-73.971216
Grand Army Plaza,40.67495,-73.97099
Grand Army Plaza,40.67511,-73.970822
Grand Army Plaza,40.675286,-73.970825
Hoyt St,40.690025,-73.984248
Hoyt St,40.690388,-73.985299
Hoyt St,40.690931,-73.98525
Hoyt St,40.690972,-73.985448
Hoyt St,40.690433,-73.984323
Kingston Av,40.669261,-73.941948
Kingston Av,40.669289,-73.942463
Nevins St,40.688243,-73.980356
Nevins St,40.688235,-73.980639
Nevins St,40.688053,-73.980506
Nevins St,40.688085,-73.980243
Nostrand Av,40.669741,-73.950798
Nostrand Av,40.669711,-73.950247
Utica Av,40.669102,-73.934213
Utica Av,40.668935,-73.931831
Utica Av,40.6687,-73.931702
Utica Av,40.66896,-73.931675
Utica Av,40.668708,-73.931883
Utica Av,40.668969,-73.931874
Utica Av,40.668838,-73.934239
103rd St,40.749775,-73.862537
103rd St,40.749787,-73.862389
103rd St,40.749973,-73.862425
103rd St,40.749964,-73.862546
111th St,40.751423,-73.855996
111th St,40.75161,-73.856065
111th St,40.751551,-73.855628
34 St Hudson Yards,40.754937,-74.000961
34 St Hudson Yards,40.754904,-74.001323
45 Rd-Court House Sq,40.74613,-73.945349
45 Rd-Court House Sq,40.746308,-73.945713
45 Rd-Court House Sq,40.746232,-73.945322
5th Av,40.754213,-73.982984
5th Av,40.754175,-73.982871
5th Av,40.753409,-73.98113
82nd St-Jackson Heights,40.747797,-73.884028
82nd St-Jackson Heights,40.747812,-73.883876
82nd St-Jackson Heights,40.747453,-73.883973
90th St Elmhurst,40.74859,-73.876461
90th St Elmhurst,40.748318,-73.876432
90th St Elmhurst,40.748582,-73.876591
Bliss St-46th St,40.743134,-73.917895
Bliss St-46th St,40.742987,-73.917936
Bliss St-46th St,40.74324,-73.918813
Bliss St-46th St,40.743105,-73.918848
Bliss St-46th St,40.743217,-73.918564
Bliss St-46th St,40.743064,-73.918601
Broadway-74th St,40.747025,-73.891413
Fisk Av-69th St,40.746148,-73.896396
Fisk Av-69th St,40.746509,-73.896268
Flushing-Main St,40.760004,-73.82863
Flushing-Main St,40.759542,-73.829885
Flushing-Main St,40.759706,-73.829943
Flushing-Main St,40.759451,-73.829927
Flushing-Main St,40.759587,-73.830408
Flushing-Main St,40.759404,-73.830333
Flushing-Main St,40.759908,-73.829019
Flushing-Main St,40.760048,-73.828444
Flushing-Main St,40.759895,-73.828573
Flushing-Main St,40.759946,-73.828414
Grand Central-42nd St,40.750851,-73.975078
Hunters Point,40.742422,-73.948195
Hunters Point,40.7425,-73.948609
Hunters Point,40.742405,-73.94811
Junction Blvd,40.749266,-73.86922
Junction Blvd,40.749095,-73.86912
Junction Blvd,40.749263,-73.869376
Junction Blvd,40.749213,-73.869696
Junction Blvd,40.749028,-73.869574
Lincoln Av-52nd St,40.743933,-73.913003
Lincoln Av-52nd St,40.744453,-73.911282
Lincoln Av-52nd St,40.74459,-73.911294
Lincoln Av-52nd St,40.744067,-73.91308
Lowery St-40th St,40.74371,-73.924161
Lowery St-40th St,40.743882,-73.924112
Lowery St-40th St,40.743743,-73.924417
Lowery St-40th St,40.743911,-73.924385
Mets - Willets Point,40.754768,-73.845598
Mets - Willets Point,40.754657,-73.846014
Mets - Willets Point,40.754394,-73.845832
Mets - Willets Point,40.754777,-73.845737
Queensboro Plaza,40.750302,-73.940245
Queensboro Plaza,40.750835,-73.939671
Rawson St-33rd St,40.744658,-73.930865
Rawson St-33rd St,40.744494,-73.930894
Rawson St-33rd St,40.744763,-73.931794
Rawson St-33rd St,40.744594,-73.931829
Rawson St-33rd St,40.744724,-73.931533
Rawson St-33rd St,40.744568,-73.93157
Vernon Blvd-Jackson Av,40.742432,-73.953156
Vernon Blvd-Jackson Av,40.742351,-73.952723
Vernon Blvd-Jackson Av,40.742593,-73.95285
Vernon Blvd-Jackson Av,40.742496,-73.952482
Vernon Blvd-Jackson Av,40.742654,-73.954232
Vernon Blvd-Jackson Av,40.742588,-73.954252
Vernon Blvd-Jackson Av,40.742803,-73.953955
Vernon Blvd-Jackson Av,40.742759,-73.953893
Woodside Av-61st St,40.745717,-73.903063
Woodside Av-61st St,40.745692,-73.903234
Woodside Av-61st St,40.745531,-73.903248
138th St,40.813091,-73.929689
138th St,40.813363,-73.929847
138th St,40.813328,-73.930004
149th St-Grand Concourse,40.818259,-73.927659
149th St-Grand Concourse,40.818373,-73.927609
149th St-Grand Concourse,40.818405,-73.927101
149th St-Grand Concourse,40.818281,-73.927251
167th St,40.835726,-73.921059
167th St,40.835746,-73.921562
167th St,40.8356,-73.921131
167th St,40.835873,-73.92149
170th St,40.840076,-73.917648
170th St,40.839877,-73.917791
170th St,40.83996,-73.918018
176th St,40.848385,-73.912003
176th St,40.848501,-73.911633
183rd St,40.858477,-73.904088
183rd St,40.858453,-73.90369
183rd St,40.858267,-73.904099
Bedford Park Blvd-Lehman College,40.873528,-73.889754
Burnside Av,40.85367,-73.907654
Burnside Av,40.853596,-73.907393
Burnside Av,40.853181,-73.907782
Burnside Av,40.853313,-73.907977
Fordham Rd,40.862562,-73.901367
Fordham Rd,40.86289,-73.901262
Fordham Rd,40.862814,-73.900815
Fordham Rd,40.862592,-73.90097
Kingsbridge Rd,40.867606,-73.897418
Kingsbridge Rd,40.867766,-73.897039
Kingsbridge Rd,40.86762,-73.897152
Mosholu Parkway,40.880077,-73.88447
Mosholu Parkway,40.879899,-73.884244
Mosholu Parkway,40.879503,-73.885138
Mosholu Parkway,40.879343,-73.88488
Mt Eden Av,40.844389,-73.914578
Mt Eden Av,40.844702,-73.91465
Woodlawn,40.886819,-73.878376
Woodlawn,40.886737,-73.87812
Yankee Stadium-161st St,40.827461,-73.926362
Yankee Stadium-161st St,40.827685,-73.925842
Yankee Stadium-161st St,40.827759,-73.9261
Yankee Stadium-161st St,40.827942,-73.926
Yankee Stadium-161st St,40.827854,-73.925745
Yankee Stadium-161st St,40.827605,-73.926282
Yankee Stadium-161st St,40.827529,-73.926322
Yankee Stadium-161st St,40.827399,-73.926394
110th St-Central Park North,40.798497,-73.952672
110th St-Central Park North,40.799033,-73.952058
116th St,40.801822,-73.949651
116th St,40.801945,-73.949943
116th St,40.802229,-73.949734
116th St,40.802111,-73.949437
125th St,40.807548,-73.945463
125th St,40.807681,-73.945752
125th St,40.807995,-73.945524
125th St,40.807875,-73.945229
135th St,40.814316,-73.94091
135th St,40.814024,-73.941117
135th St,40.813896,-73.940831
135th St,40.814188,-73.940618
145th St,40.820161,-73.936253
145th St,40.820343,-73.936508
145th St,40.820662,-73.936275
145th St,40.820602,-73.935933
Harlem-148th St,40.824069,-73.936981
103rd St,40.790279,-73.947856
103rd St,40.790193,-73.947649
110th St,40.794682,-73.944319
110th St,40.794804,-73.944613
110th St,40.794927,-73.944502
110th St,40.794811,-73.944235
116th St,40.798404,-73.941647
116th St,40.798466,-73.941882
116th St,40.798852,-73.9416
116th St,40.798742,-73.941406
125th St,40.804597,-73.9374
125th St,40.804407,-73.937234
125th St,40.804251,-73.937658
125th St,40.804164,-73.937444
125th St,40.804517,-73.937186
14th St-Union Square,40.735184,-73.989793
14th St-Union Square,40.734406,-73.989437
14th St-Union Square,40.73418,-73.989549
14th St-Union Square,40.734222,-73.989674
14th St-Union Square,40.734444,-73.990184
14th St-Union Square,40.734495,-73.990311
23rd St,40.740419,-73.986452
23rd St,40.739477,-73.986562
23rd St,40.739674,-73.98704
23rd St,40.74018,-73.986617
23rd St,40.740097,-73.986601
23rd St,40.739501,-73.987134
23rd St,40.74018,-73.986006
23rd St,40.739984,-73.986343
23rd St,40.740008,-73.986233
28th St,40.743167,-73.983896
28th St,40.743304,-73.983857
28th St,40.743257,-73.983738
28th St,40.743484,-73.98428
28th St,40.743394,-73.984409
28th St,40.743351,-73.984302
28th St,40.743128,-73.983806
33rd St,40.745723,-73.982531
33rd St,40.745585,-73.982198
33rd St,40.745821,-73.982576
33rd St,40.746263,-73.981663
33rd St,40.746242,-73.9816
33rd St,40.74655,-73.981533
33rd St,40.746447,-73.982147
33rd St,40.745641,-73.982103
33rd St,40.746632,-73.981882
51st St,40.757293,-73.972108
51st St,40.757059,-73.97157
51st St,40.756964,-73.971712
51st St,40.757126,-73.971721
51st St,40.756999,-73.971803
51st St,40.756686,-73.97251
51st St,40.757298,-73.971939
51st St,40.757157,-73.972196
51st St,40.757123,-73.972117
59th St,40.762986,-73.96785
59th St,40.762069,-73.968016
59th St,40.762835,-73.967554
59th St,40.762266,-73.968479
59th St,40.762414,-73.968371
59th St,40.76266,-73.967625
59th St,40.762836,-73.96804
68th St-Hunter College,40.767863,-73.963898
68th St-Hunter College,40.767981,-73.964178
68th St-Hunter College,40.767703,-73.963979
68th St-Hunter College,40.767817,-73.964355
68th St-Hunter College,40.76787,-73.964244
77th St,40.773603,-73.959578
77th St,40.773631,-73.959659
77th St,40.773526,-73.959734
77th St,40.773636,-73.96006
77th St,40.773779,-73.960041
77th St,40.773779,-73.959954
77th St,40.773669,-73.960135
77th St,40.773493,-73.959659
86th St,40.77933,-73.955545
86th St,40.779577,-73.955304
86th St,40.779661,-73.955302
86th St,40.77972,-73.955596
86th St,40.779427,-73.95581
86th St,40.779718,-73.955719
86th St,40.779468,-73.955905
86th St,40.779284,-73.955443
96th St,40.785843,-73.951232
96th St,40.78564,-73.95093
96th St,40.786055,-73.951057
96th St,40.785903,-73.950695
Astor Place,40.730084,-73.990838
Astor Place,40.729968,-73.99141
Bleecker St,40.726047,-73.994759
Bleecker St,40.725137,-73.994938
Bleecker St,40.725845,-73.99432
Bleecker St,40.725755,-73.994367
Bleecker St,40.725726,-73.994579
Bleecker St,40.724888,-73.995291
Bleecker St,40.725958,-73.994829
Borough Hall,40.692489,-73.991193
Borough Hall,40.692548,-73.990099
Borough Hall,40.692299,-73.990301
Borough Hall,40.69234,-73.99056
Borough Hall,40.692588,-73.990572
Bowling Green,40.704795,-74.014454
Bowling Green,40.704659,-74.01392
Bowling Green,40.704629,-74.013502
Bowling Green,40.704825,-74.014572
Bowling Green,40.704157,-74.014509
Brooklyn Bridge-City Hall,40.713839,-74.003864
Brooklyn Bridge-City Hall,40.712868,-74.004806
Brooklyn Bridge-City Hall,40.712723,-74.004971
Brooklyn Bridge-City Hall,40.712333,-74.004387
Brooklyn Bridge-City Hall,40.711857,-74.005114
Brooklyn Bridge-City Hall,40.711824,-74.005057
Brooklyn Bridge-City Hall,40.713721,-74.003734
Brooklyn Bridge-City Hall,40.713899,-74.003642
Canal St,40.718638,-74.000623
Canal St,40.718155,-74.000317
Canal St,40.718197,-74.000388
Canal St,40.718304,-74.000138
Canal St,40.718358,-74.000216
Canal St,40.718589,-74.000552
Canal St,40.718506,-74.000826
Fulton St,40.711026,-74.00919
Fulton St,40.710166,-74.009424
Fulton St,40.710165,-74.009182
Fulton St,40.710944,-74.009403
Fulton St,40.711112,-74.009382
Grand Central-42nd St,40.751741,-73.977691
Grand Central-42nd St,40.751653,-73.977753
Grand Central-42nd St,40.751352,-73.976396
Grand Central-42nd St,40.751647,-73.977382
Grand Central-42nd St,40.751721,-73.977197
Grand Central-42nd St,40.751801,-73.975294
Grand Central-42nd St,40.751345,-73.975409
Grand Central-42nd St,40.751701,-73.976087
Spring St,40.722116,-73.996912
Spring St,40.722235,-73.996818
Spring St,40.722468,-73.997397
Spring St,40.72239,-73.997437
Wall St,40.707446,-74.011848
Wall St,40.707671,-74.011854
Wall St,40.707577,-74.011927
Wall St,40.707428,-74.012067
Wall St,40.707315,-74.012161
Wall St,40.708436,-74.011298
Wall St,40.707577,-74.011731
Wall St,40.70719,-74.011997
Junius St,40.663361,-73.903063
Junius St,40.663426,-73.902636
New Lots Av,40.666413,-73.883307
New Lots Av,40.666285,-73.883276
Pennsylvania Av,40.664869,-73.893779
Pennsylvania Av,40.664575,-73.894117
Rockaway Av,40.662401,-73.908809
Rockaway Av,40.662703,-73.909033
Saratoga Av,40.661558,-73.915225
Saratoga Av,40.661401,-73.915543
Saratoga Av,40.661689,-73.91524
Sutter Av,40.664891,-73.922675
Sutter Av,40.66516,-73.92297
Sutter Av,40.664887,-73.923109
Van Siclen Av,40.66574,-73.888613
Van Siclen Av,40.665431,-73.888386
Beverly Rd,40.645046,-73.948684
Beverly Rd,40.645016,-73.949213
Church Av,40.650717,-73.949741
Church Av,40.65064,-73.949677
Church Av,40.65064,-73.949429
Church Av,40.65091,-73.949416
Church Av,40.650748,-73.949384
Church Av,40.650969,-73.949714
Church Av,40.650894,-73.949819
Flatbush Av-Brooklyn College,40.63327,-73.947929
Flatbush Av-Brooklyn College,40.632868,-73.947547
Flatbush Av-Brooklyn College,40.63275,-73.947375
Flatbush Av-Brooklyn College,40.632324,-73.947482
Flatbush Av-Brooklyn College,40.632359,-73.947389
Flatbush Av-Brooklyn College,40.632463,-73.947518
Flatbush Av-Brooklyn College,40.633297,-73.947836
Flatbush Av-Brooklyn College,40.631845,-73.947665
Newkirk Av,40.639883,-73.948701
Newkirk Av,40.640743,-73.948597
Newkirk Av,40.639924,-73.948161
President St,40.668166,-73.950862
President St,40.668145,-73.950458
Sterling St,40.66329,-73.951044
Sterling St,40.663226,-73.95067
Winthrop St,40.656171,-73.950346
Winthrop St,40.657184,-73.949976
138th St-3rd Ave,40.810241,-73.925267
138th St-3rd Ave,40.810282,-73.925386
138th St-3rd Ave,40.810102,-73.925641
138th St-3rd Ave,40.810638,-73.926883
138th St-3rd Ave,40.810712,-73.92705
138th St-3rd Ave,40.810831,-73.926655
138th St-3rd Ave,40.810019,-73.925438
Brook Av,40.807747,-73.919347
Brook Av,40.80758,-73.918957
Brook Av,40.807467,-73.919448
Brook Av,40.807355,-73.919219
Buhre Av,40.847185,-73.832264
Buhre Av,40.846891,-73.832639
Buhre Av,40.846795,-73.832405
Castle Hill Av,40.834093,-73.851857
Castle Hill Av,40.834321,-73.85144
Cypress Av,40.805234,-73.913391
Cypress Av,40.805155,-73.913208
Cypress Av,40.805047,-73.913524
Cypress Av,40.805171,-73.913933
East 143rd St-St Mary's St,40.808179,-73.908065
East 143rd St-St Mary's St,40.80803,-73.90772
East 143rd St-St Mary's St,40.80834,-73.907618
East 143rd St-St Mary's St,40.808322,-73.908002
East 149th St,40.812027,-73.903869
East 149th St,40.811887,-73.904145
East 149th St,40.812367,-73.903797
East 149th St,40.812331,-73.904102
Elder Av,40.828688,-73.879018
Elder Av,40.82846,-73.879362
Hunts Point Av,40.820819,-73.890442
Hunts Point Av,40.820614,-73.891519
Hunts Point Av,40.820591,-73.890836
Longwood Av,40.816367,-73.895924
Longwood Av,40.81652,-73.896224
Longwood Av,40.816137,-73.896133
Longwood Av,40.816263,-73.896506
Middletown Rd,40.843609,-73.836478
Middletown Rd,40.843935,-73.836386
Morrison Av-Soundview Av,40.829371,-73.874731
Morrison Av-Soundview Av,40.829641,-73.874447
Morrison Av-Soundview Av,40.829517,-73.87486
Parkchester-East 177th St,40.833225,-73.860888
Pelham Bay Park,40.852824,-73.827035
Pelham Bay Park,40.853041,-73.826991
Pelham Bay Park,40.853012,-73.827172
Pelham Bay Park,40.852377,-73.825986
Pelham Bay Park,40.852803,-73.827195
St Lawrence Av,40.831466,-73.86741
St Lawrence Av,40.831765,-73.867078
Westchester Square-East Tremont Av,40.840128,-73.842875
Whitlock Av,40.827298,-73.886256
Whitlock Av,40.827295,-73.886082
Zerega Av,40.836954,-73.846653
Zerega Av,40.836613,-73.846726
149th St-3rd Av,40.816242,-73.917934
149th St-3rd Av,40.816265,-73.917456
149th St-3rd Av,40.815971,-73.917983
149th St-3rd Av,40.815881,-73.917522
149th St-3rd Av,40.816033,-73.918064
149th St-3rd Av,40.815853,-73.917759
149th St-3rd Av,40.816315,-73.917543
149th St-3rd Av,40.816247,-73.917798
174th St,40.837241,-73.88756
174th St,40.837306,-73.887287
174th St,40.837325,-73.888048
174th St,40.837599,-73.887755
219th St,40.883439,-73.862743
219th St,40.883723,-73.86287
225th St,40.887972,-73.860517
225th St,40.887709,-73.860666
225th St,40.88766,-73.860444
233rd St,40.893597,-73.857405
233rd St,40.893215,-73.857344
238th St-Nereid Av,40.89862,-73.854316
238th St-Nereid Av,40.898323,-73.854288
Allerton Av,40.865605,-73.867476
Allerton Av,40.865257,-73.867246
Bronx Park East,40.849169,-73.868356
Bronx Park East,40.849128,-73.868213
Bronx Park East,40.848762,-73.868382
Burke Av,40.871215,-73.867043
Burke Av,40.871631,-73.867283
East 180th St,40.841453,-73.872892
East 180th St,40.841223,-73.873499
East Tremont Av-West Farms Sq,40.840354,-73.879833
East Tremont Av-West Farms Sq,40.840639,-73.879555
East Tremont Av-West Farms Sq,40.841078,-73.879397
East Tremont Av-West Farms Sq,40.840815,-73.879623
East Tremont Av-West Farms Sq,40.840434,-73.880005
Freeman St,40.830074,-73.891486
Freeman St,40.830177,-73.891482
Freeman St,40.830369,-73.892015
Freeman St,40.829903,-73.89202
Gun Hill Rd,40.877779,-73.866185
Gun Hill Rd,40.877839,-73.866421
Intervale Av,40.8224,-73.896508
Intervale Av,40.822447,-73.896719
Intervale Av,40.822095,-73.896681
Jackson Av,40.816589,-73.907893
Jackson Av,40.816201,-73.907942
Jackson Av,40.816349,-73.907836
Jackson Av,40.816873,-73.907379
Pelham Parkway,40.858029,-73.867481
Pelham Parkway,40.856338,-73.867544
Pelham Parkway,40.856403,-73.867771
Pelham Parkway,40.858041,-73.867718
Pelham Parkway,40.856337,-73.867521
Prospect Av,40.819368,-73.901966
Prospect Av,40.819583,-73.901958
Prospect Av,40.819887,-73.901666
Prospect Av,40.819562,-73.901498
Prospect Av,40.819684,-73.901348
Simpson St,40.824177,-73.893114
Simpson St,40.824356,-73.892897
Simpson St,40.824358,-73.892724
Simpson St,40.823884,-73.893197
Simpson St,40.824118,-73.892731
